Cell_ID,Soma_region,HAN_prediction,outlier_detection_correction,Manual_correction,prediction(correct/incorrect),Note: correct prediction 597; incorrect prediction 405
AA0001,SSp-m,ET_SS,ET_SS,ET_SS,correct,
AA0002,MOp,CP_GPe,unknown,IT_MO,incorrect,
AA0003,MOp,IT_MO,IT_MO,IT_MO,correct,
AA0004,MOp,IT_SS,IT_SS,IT_SS,correct,
AA0005,MOp,IT_MO,IT_MO,IT_MO,correct,
AA0006,MOp,IT_MO,IT_MO,IT_MO,correct,
AA0007,SSp-ul,IT_SS,IT_SS,IT_SS,correct,
AA0008,SSp-ul,IT_SS,IT_SS,IT_SS,correct,
AA0009,MOp,IT_SS,IT_SS,IT_SS,correct,
AA0010,MOs,IT_MO,IT_MO,IT_MO,correct,
AA0011,MOs,ET_SS,ET_SS,ET_MO,incorrect,
AA0012,MOs,ET_MO,ET_MO,ET_MO,correct,
AA0013,MOs,IT_MO,IT_MO,ET_MO,incorrect,
AA0014,MOs,IT_MO,IT_MO,ET_MO,incorrect,
AA0015,AV,ET_SS,ET_SS,AV,incorrect,
AA0016,AV,ET_SS,ET_SS,AV,incorrect,
AA0017,BST,RT,unknown,BST,correct,
AA0018,fi,ET_SS,ET_SS,fi,incorrect,
AA0019,AV,ET_SS,ET_SS,ET_MO,incorrect,
AA0020,SUB,MG,unknown,SUB,correct,
AA0021,POST,MG,unknown,POST,correct,
AA0022,dhc,CP_SNr,unknown,dhc,correct,
AA0023,AM,VPM,unknown,AM,correct,
AA0024,POST,MG,unknown,POST,correct,
AA0025,fp,ET_SS,ET_SS,ACAv_ET,incorrect,
AA0026,POST,MG,unknown,POST,correct,
AA0027,VISp,IT_VIS,IT_VIS,IT_VIS,correct,
AA0028,VISp,IT_VIS,unknown,IT_VIS,incorrect,
AA0029,fi,MG,unknown,fi,correct,
AA0030,POST,MG,unknown,POST,correct,
AA0031,SUB,RT,RT,SUB,incorrect,
AA0032,POST,MG,unknown,POST,correct,
AA0033,POST,MG,unknown,POST,correct,
AA0034,MOp,IT_SS,IT_SS,IT_MO,incorrect,
AA0035,MOp,IT_MO,IT_MO,IT_MO,correct,
AA0036,MOs,IT_MO,IT_MO,IT_MO,correct,
AA0037,MOs,ET_MO,ET_MO,IT_MO,incorrect,
AA0038,MOs,ET_SS,ET_SS,ET_SS,correct,
AA0039,MOs,ET_MO,unknown,ET_MO,incorrect,
AA0040,MOp,ET_MO,unknown,IT_MO,incorrect,
AA0041,MOp,RT,unknown,ET_MO,incorrect,
AA0042,MOp,IT_SS,IT_SS,IT_MO,incorrect,
AA0043,MOp,ET_SS,ET_SS,ET_SS,correct,
AA0044,MOs,ET_MO,unknown,IT_MO,incorrect,
AA0045,MOp,CP_SNr,unknown,IT_MO,incorrect,
AA0046,MOp,VPL,VPL,ET_MO,incorrect,
AA0047,PCN,VPM,unknown,VPM,incorrect,
AA0048,VAL,RT,unknown,VAL,correct,
AA0049,PO,IT_SS,unknown,PO,correct,
AA0050,PCN,IT_MO,IT_MO,PCN,incorrect,
AA0051,CL,IT_VIS,IT_VIS,CL,incorrect,
AA0052,SUB,RT,unknown,SUB,correct,
AA0053,SUB,ET_SS,ET_SS,SUB,incorrect,
AA0054,MD,IT_MO,IT_MO,MD,incorrect,
AA0055,MD,CP_GPe,unknown,MD,correct,
AA0056,fr,ET_SS,ET_SS,ET_MO,incorrect,
AA0057,alv,CP_GPe,unknown,alv,correct,
AA0058,CA1,RT,unknown,CA1,correct,
AA0059,MOs,CP_GPe,unknown,IT_MO,incorrect,
AA0060,MOp,IT_MO,IT_MO,IT_MO,correct,
AA0061,ORBl,CP_GPe,unknown,ORBl,correct,
AA0062,MOs,IT_MO,IT_MO,IT_MO,correct,
AA0063,cing,ET_MO,unknown,ET_MO,incorrect,
AA0064,MOs,CP_GPe,unknown,IT_MO,incorrect,
AA0065,MOs,IT_MO,IT_MO,IT_MO,correct,
AA0066,ACAd,ET_SS,ET_SS,ET_MO,incorrect,
AA0067,ACAd,ET_SS,ET_SS,ET_MO,incorrect,
AA0068,AV,VPM,unknown,AV,correct,
AA0069,AM,VPL,unknown,AM,correct,
AA0070,AV,RT,unknown,AV,correct,
AA0071,SUB,RT,unknown,SUB,correct,
AA0072,POST,MG,unknown,POST,correct,
AA0073,AD,ET_SS,ET_SS,AD,incorrect,
AA0074,CM,CP_GPe,unknown,CM,correct,
AA0075,IAD,VPM,unknown,IAD,correct,
AA0076,AV,ET_SS,ET_SS,AV,incorrect,
AA0077,sm,CP_SNr,unknown,sm,correct,
AA0078,SUB,RT,unknown,SUB,correct,
AA0079,SUB,RT,unknown,SUB,correct,
AA0080,PVi,RT,unknown,PVi,correct,
AA0081,DMH,RT,unknown,DMH,correct,
AA0082,HY,RT,unknown,HY,correct,
AA0083,mtt,CP_GPe,unknown,mtt,correct,
AA0084,HY,RT,unknown,HY,correct,
AA0085,VISp,IT_VIS,unknown,VISp,correct,
AA0086,DMH,MG,unknown,DMH,correct,
AA0087,HY,RT,RT,HY,incorrect,
AA0088,RE,ET_SS,unknown,RE,correct,
AA0089,PR,LGd,unknown,PR,correct,
AA0090,VMH,RT,unknown,VMH,correct,
AA0091,DG,MG,unknown,DG,correct,
AA0092,SBPV,VPM,unknown,SBPV,correct,
AA0093,AHN,RT,unknown,AHN,correct,
AA0094,PR,CP_GPe,unknown,PR,correct,
AA0095,MD,LGd,unknown,MD,correct,
AA0096,MOs,IT_SS,IT_SS,IT_MO,incorrect,
AA0097,MOs,ET_SS,unknown,IT_MO,incorrect,
AA0098,ACAd,LGd,unknown,ACAd,correct,
AA0099,MOs,IT_SS,IT_SS,IT_MO,incorrect,
AA0100,MOs,IT_SS,IT_SS,IT_MO,incorrect,
AA0101,MOs,ET_SS,unknown,ET_MO,incorrect,
AA0102,MOp,IT_SS,IT_SS,IT_SS,correct,
AA0103,MOs,ET_MO,unknown,ET_MO,incorrect,
AA0104,ACAd,ET_SS,unknown,ACAd,correct,
AA0105,MOs,ET_MO,unknown,ET_MO,incorrect,
AA0106,MOs,IT_MO,IT_MO,IT_MO,correct,
AA0107,MOp,IT_MO,IT_MO,IT_MO,correct,
AA0108,MOs,IT_MO,IT_MO,IT_MO,correct,
AA0109,MOs,IT_MO,IT_MO,IT_MO,correct,
AA0110,MOs,IT_MO,IT_MO,IT_MO,correct,
AA0111,ACAd,IT_VIS,unknown,ACAd,correct,
AA0112,MOs,IT_MO,IT_MO,IT_MO,correct,
AA0113,ACAd,IT_MO,IT_MO,ACAd,incorrect,
AA0114,MOs,ET_MO,ET_MO,ET_MO,correct,
AA0115,MOs,ET_SS,ET_SS,ET_MO,incorrect,
AA0116,MOs,IT_MO,IT_MO,IT_MO,correct,
AA0117,MOs,IT_MO,IT_MO,IT_MO,correct,
AA0118,MOs,IT_MO,IT_MO,ET_MO,incorrect,
AA0119,ORBl,CP_SNr,unknown,ORBl,correct,
AA0120,ORBl,CP_SNr,unknown,ORBl,correct,
AA0121,ORBl,CP_GPe,unknown,ORBl,correct,
AA0122,MOs,CP_GPe,unknown,ET_MO,incorrect,
AA0123,CA1,RT,RT,CA1,incorrect,
AA0124,ProS,RT,RT,ProS,incorrect,
AA0125,POST,RT,RT,POST,incorrect,
AA0126,SUB,RT,RT,SUB,incorrect,
AA0127,VISp,IT_VIS,unknown,VISp,correct,
AA0128,ZI,RT,unknown,ZI,correct,
AA0129,VPMpc,VPM,unknown,VPM,incorrect,
AA0130,MOs,IT_MO,IT_MO,IT_MO,correct,
AA0131,MOp,IT_MO,unknown,ET_MO,incorrect,
AA0132,MOp,ET_MO,ET_MO,ET_MO,correct,
AA0133,MOp,IT_MO,unknown,ET_MO,incorrect,
AA0134,MOp,ET_MO,ET_MO,ET_MO,correct,
AA0135,MOp,IT_MO,IT_MO,ET_MO,incorrect,
AA0136,VM,RT,unknown,VM,correct,
AA0137,VM,VPM,unknown,VM,correct,
AA0138,RE,MG,unknown,RE,correct,
AA0139,SUB,RT,RT,SUB,incorrect,
AA0140,MOs,IT_MO,IT_MO,IT_MO,correct,
AA0141,AHN,VPM,unknown,AHN,correct,
AA0142,PVi,VPM,unknown,PVi,correct,
AA0143,DG,MG,unknown,DG,correct,
AA0144,DG,ET_SS,ET_SS,DG,incorrect,
AA0145,DG,MG,unknown,DG,correct,
AA0146,DG,ET_SS,ET_SS,DG,incorrect,
AA0147,DG,MG,unknown,DG,correct,
AA0148,DG,MG,unknown,DG,correct,
AA0149,DG,MG,unknown,DG,correct,
AA0150,DG,MG,unknown,DG,correct,
AA0151,DG,MG,unknown,DG,correct,
AA0152,AHN,ET_SS,ET_SS,ET_MO,incorrect,
AA0153,PVH,ET_SS,ET_SS,ET_MO,incorrect,
AA0154,DG,MG,unknown,DG,correct,
AA0155,DG,MG,unknown,DG,correct,
AA0156,DG,ET_SS,ET_SS,DG,incorrect,
AA0157,POST,MG,unknown,POST,correct,
AA0158,POST,RT,RT,POST,incorrect,
AA0159,SUB,MG,unknown,SUB,correct,
AA0160,VISp,IT_VIS,unknown,VISp,correct,
AA0161,SUB,RT,RT,SUB,incorrect,
AA0162,DG,ET_SS,ET_SS,DG,incorrect,
AA0163,HY,VPM,unknown,HY,correct,
AA0164,VM,RT,unknown,VM,correct,
AA0165,DG,MG,unknown,DG,correct,
AA0166,DG,MG,unknown,DG,correct,
AA0167,PeF,RT,unknown,PeF,correct,
AA0168,PRE,MG,unknown,PRE,correct,
AA0169,MOp,ET_MO,ET_MO,ET_MO,correct,
AA0170,PRE,MG,unknown,PRE,correct,
AA0171,PRE,VPM,unknown,PRE,correct,
AA0172,MB,RT,unknown,MB,correct,
AA0173,PRE,MG,unknown,PRE,correct,
AA0174,ZI,VPM,unknown,ZI,correct,
AA0175,ZI,RT,unknown,ZI,correct,
AA0176,VM,IT_SS,IT_SS,VM,incorrect,
AA0177,ZI,MG,unknown,ZI,correct,
AA0178,PAL,RT,unknown,PAL,correct,
AA0179,MOs,ET_MO,ET_MO,ET_MO,correct,
AA0180,MOs,ET_MO,ET_MO,ET_MO,correct,
AA0181,MOs,ET_MO,ET_MO,ET_MO,correct,
AA0182,MOs,ET_SS,ET_SS,ET_MO,incorrect,
AA0183,MOs,ET_SS,ET_SS,ET_MO,incorrect,
AA0184,MOs,IT_SS,IT_SS,IT_SS,correct,
AA0185,MOs,ET_SS,unknown,ET_MO,incorrect,
AA0186,MOs,ET_SS,ET_SS,ET_MO,incorrect,
AA0187,MOp,ET_MO,unknown,ET_MO,incorrect,
AA0188,MOs,ET_SS,unknown,ET_MO,incorrect,
AA0189,DG,ET_SS,ET_SS,DG,incorrect,
AA0190,MOs,IT_MO,IT_MO,IT_MO,correct,
AA0191,DG,ET_SS,ET_SS,DG,incorrect,
AA0192,DG,ET_SS,ET_SS,DG,incorrect,
AA0193,DG,MG,unknown,DG,correct,
AA0194,SUB,ET_SS,ET_SS,ET_MO,incorrect,
AA0195,SUB,RT,unknown,SUB,correct,
AA0196,DG,MG,unknown,DG,correct,
AA0197,DG,MG,unknown,DG,correct,
AA0198,DG,MG,unknown,DG,correct,
AA0199,ProS,VPM,unknown,ProS,correct,
AA0200,CL,VPM,unknown,CL,correct,
AA0201,VPMpc,ET_SS,ET_SS,VPM,incorrect,
AA0202,DG,MG,unknown,DG,correct,
AA0203,PRE,ET_SS,ET_SS,PRE,incorrect,
AA0204,MB,RT,unknown,MB,correct,
AA0205,MB,RT,unknown,MB,correct,
AA0206,MB,RT,unknown,MB,correct,
AA0207,LHA,RT,unknown,LHA,correct,
AA0208,CA1,ET_SS,ET_SS,CA1,incorrect,
AA0209,mtt,VPM,unknown,mtt,correct,
AA0210,MB,RT,RT,MB,incorrect,
AA0211,MB,ET_SS,ET_SS,ET_MO,incorrect,
AA0212,HY,RT,unknown,HY,correct,
AA0213,PH,RT,unknown,PH,correct,
AA0214,PH,ET_SS,ET_SS,ET_MO,incorrect,
AA0215,nst,ET_SS,ET_SS,ET_MO,incorrect,
AA0216,HY,RT,RT,HY,incorrect,
AA0217,HY,ET_SS,ET_SS,ET_MO,incorrect,
AA0218,HY,ET_SS,ET_SS,HY,incorrect,
AA0219,HY,RT,unknown,HY,correct,
AA0220,PH,RT,unknown,PH,correct,
AA0221,VM,RT,unknown,VM,correct,
AA0222,PH,RT,RT,PH,incorrect,
AA0223,pm,RT,unknown,pm,correct,
AA0224,MOp,IT_MO,IT_MO,IT_MO,correct,
AA0225,MOp,ET_MO,unknown,IT_MO,incorrect,
AA0226,VM,VPM,VPM,VM,incorrect,
AA0227,dhc,ET_SS,ET_SS,ET_MO,incorrect,
AA0228,or,LGd,unknown,or,correct,
AA0229,cing,IT_MO,IT_MO,IT_MO,correct,
AA0230,MOs,IT_MO,IT_MO,IT_MO,correct,
AA0231,ACAd,ET_SS,unknown,ACAd,correct,
AA0232,MOs,IT_MO,IT_MO,IT_MO,correct,
AA0233,MOs,CP_GPe,unknown,IT_MO,incorrect,
AA0234,ACAd,IT_VIS,IT_VIS,ACAd,incorrect,
AA0235,MOs,ET_MO,unknown,IT_MO,incorrect,
AA0236,MOs,IT_MO,IT_MO,IT_MO,correct,
AA0237,MOs,IT_MO,IT_MO,IT_MO,correct,
AA0238,ACAd,LGd,LGd,ACAd,incorrect,
AA0239,MOs,ET_SS,ET_SS,ET_MO,incorrect,
AA0240,MOs,IT_MO,IT_MO,IT_MO,correct,
AA0241,MOs,IT_MO,IT_MO,IT_MO,correct,
AA0242,MOs,ET_MO,ET_MO,ET_MO,correct,
AA0243,MOs,IT_MO,IT_MO,IT_MO,correct,
AA0244,PRE,RT,RT,PRE,incorrect,
AA0245,MOs,RT,unknown,ET_MO,incorrect,
AA0246,SUB,VPM,unknown,SUB,correct,
AA0247,ProS,RT,unknown,ProS,correct,
AA0248,ProS,CP_SNr,unknown,ProS,correct,
AA0249,PRE,RT,RT,PRE,incorrect,
AA0250,MOs,ET_SS,ET_SS,ET_MO,incorrect,
AA0251,SUB,RT,unknown,SUB,correct,
AA0252,SUB,RT,RT,SUB,incorrect,
AA0253,dhc,ET_SS,unknown,dhc,correct,
AA0254,PRE,MG,unknown,PRE,correct,
AA0255,PRE,MG,unknown,PRE,correct,
AA0256,PRE,MG,unknown,PRE,correct,
AA0257,ProS,RT,unknown,ProS,correct,
AA0258,PRE,MG,unknown,PRE,correct,
AA0259,PRE,ET_SS,ET_SS,PRE,incorrect,
AA0260,dhc,LGd,unknown,dhc,correct,
AA0261,MOs,ET_SS,ET_SS,ET_MO,incorrect,
AA0262,fp,LGd,LGd,fp,incorrect,
AA0263,dhc,LGd,unknown,dhc,correct,
AA0264,dhc,CP_SNr,unknown,dhc,correct,
AA0265,MOs,CP_GPe,unknown,IT_MO,incorrect,
AA0266,VAL,RT,RT,VAL,incorrect,
AA0267,MOs,CP_GPe,unknown,IT_MO,incorrect,
AA0268,dhc,LGd,LGd,dhc,incorrect,
AA0269,MOs,IT_MO,IT_MO,IT_MO,correct,
AA0270,fp,LGd,LGd,fp,incorrect,
AA0271,MOs,IT_MO,IT_MO,IT_MO,correct,
AA0272,MOp,IT_SS,IT_SS,IT_SS,correct,
AA0273,fa,CP_SNr,unknown,fa,correct,
AA0274,MOs,IT_MO,IT_MO,IT_MO,correct,
AA0275,or,LGd,unknown,or,correct,
AA0276,MOs,IT_MO,IT_MO,IT_MO,correct,
AA0277,ccg,CP_GPe,unknown,ccg,correct,
AA0278,MOs,ET_SS,unknown,ET_MO,incorrect,
AA0279,MOs,IT_MO,IT_MO,IT_MO,correct,
AA0280,MOs,IT_MO,IT_MO,IT_MO,correct,
AA0281,MOs,IT_MO,IT_MO,IT_MO,correct,
AA0282,VISp,VPL,unknown,VISp,correct,
AA0283,dhc,ET_SS,unknown,dhc,correct,
AA0284,MOs,ET_MO,ET_MO,ET_MO,correct,
AA0285,MOs,IT_MO,IT_MO,IT_MO,correct,
AA0286,MOs,IT_MO,IT_MO,IT_MO,correct,
AA0287,MOs,IT_MO,IT_MO,IT_MO,correct,
AA0288,MOs,IT_MO,IT_MO,IT_MO,correct,
AA0289,MOs,CP_GPe,unknown,IT_MO,incorrect,
AA0290,fp,CP_SNr,unknown,fp,correct,
AA0291,MOs,IT_MO,IT_MO,IT_MO,correct,
AA0292,DG,LGd,unknown,DG,correct,
AA0293,CL,ET_SS,unknown,CL,correct,
AA0294,CL,RT,unknown,CL,correct,
AA0295,CL,CP_GPe,unknown,CL,correct,
AA0296,unknown,LGd,LGd,unknown,incorrect,
AA0297,VAL,IT_MO,IT_MO,VAL,incorrect,
AA0298,PCN,IT_MO,IT_MO,PCN,incorrect,
AA0299,VAL,IT_MO,IT_MO,VAL,incorrect,
AA0300,MOs,IT_MO,IT_MO,IT_MO,correct,
AA0301,PCN,IT_MO,IT_MO,PCN,incorrect,
AA0302,VAL,IT_MO,IT_MO,VAL,incorrect,
AA0303,HPF,ET_SS,ET_SS,ET_MO,incorrect,
AA0304,CA3,MG,unknown,CA3,correct,
AA0305,DG,MG,unknown,DG,correct,
AA0306,CA1,RT,unknown,CA1,correct,
AA0307,CA3,MG,unknown,CA3,correct,
AA0308,CA1,MG,unknown,CA1,correct,
AA0309,DG,ET_SS,ET_SS,DG,incorrect,
AA0310,VPM,VPL,VPL,VPM,incorrect,
AA0311,VPM,VPM,unknown,VPM,incorrect,
AA0312,VPM,VPM,VPM,VPM,correct,
AA0313,VPM,VPL,VPL,VPM,incorrect,
AA0314,VPM,VPM,VPM,VPM,correct,
AA0315,VPM,VPM,VPM,VPM,correct,
AA0316,VAL,IT_MO,IT_MO,VAL,incorrect,
AA0317,VPM,IT_MO,IT_MO,VPM,incorrect,
AA0318,VPM,VPM,VPM,VPM,correct,
AA0319,ORBl,IT_SS,unknown,ORBl,correct,
AA0320,ORBl,IT_SS,IT_SS,ORBl,incorrect,
AA0321,VAL,VPL,unknown,VAL,correct,
AA0322,VPL,VPL,VPL,VPL,correct,
AA0323,ORBl,CP_SNr,unknown,ORBl,correct,
AA0324,MOs,CP_GPe,unknown,IT_MO,incorrect,
AA0325,ORBl,CP_SNr,unknown,ORBl,correct,
AA0326,VAL,IT_MO,IT_MO,VAL,incorrect,
AA0327,MOs,CP_GPe,unknown,IT_MO,incorrect,
AA0328,MOs,CP_GPe,unknown,IT_MO,incorrect,
AA0329,MOs,IT_MO,IT_MO,IT_MO,correct,
AA0330,ZI,IT_SS,IT_SS,ZI,incorrect,
AA0331,VAL,IT_MO,IT_MO,VAL,incorrect,
AA0332,MOs,IT_MO,IT_MO,IT_MO,correct,
AA0333,FRP,CP_GPe,unknown,FRP,correct,
AA0334,CL,IT_MO,IT_MO,CL,incorrect,
AA0335,PCN,IT_SS,IT_SS,PCN,incorrect,
AA0336,LD,ET_SS,ET_SS,ET_MO,incorrect,
AA0337,VAL,IT_MO,IT_MO,VAL,incorrect,
AA0338,PO,VPM,unknown,PO,correct,
AA0339,PO,IT_SS,IT_SS,PO,incorrect,
AA0340,PO,IT_MO,IT_MO,PO,incorrect,
AA0341,LP,VPL,unknown,LP,correct,
AA0342,VAL,IT_MO,IT_MO,VAL,incorrect,
AA0343,PO,VPM,VPM,PO,incorrect,
AA0344,VAL,IT_SS,unknown,VAL,correct,
AA0345,VAL,IT_SS,IT_SS,VAL,incorrect,
AA0346,VAL,IT_MO,IT_MO,VAL,incorrect,
AA0347,VAL,IT_MO,IT_MO,VAL,incorrect,
AA0348,VAL,IT_MO,IT_MO,VAL,incorrect,
AA0349,PO,IT_SS,IT_SS,PO,incorrect,
AA0350,VAL,IT_MO,IT_MO,VAL,incorrect,
AA0351,VAL,ET_MO,unknown,VAL,correct,
AA0352,PO,IT_SS,IT_SS,PO,incorrect,
AA0353,MD,IT_MO,IT_MO,MD,incorrect,
AA0354,CL,IT_MO,unknown,CL,correct,
AA0355,VAL,IT_MO,IT_MO,VAL,incorrect,
AA0356,CL,IT_SS,IT_SS,CL,incorrect,
AA0357,LD,ET_SS,ET_SS,LD,incorrect,
AA0358,VAL,IT_MO,IT_MO,VAL,incorrect,
AA0359,LP,IT_VIS,IT_VIS,LP,incorrect,
AA0360,DG,ET_SS,ET_SS,DG,incorrect,
AA0361,DG,MG,unknown,DG,correct,
AA0362,DG,MG,unknown,DG,correct,
AA0363,MD,MG,unknown,MD,correct,
AA0364,VAL,IT_SS,IT_SS,VAL,incorrect,
AA0365,VAL,VPL,unknown,VAL,correct,
AA0366,VAL,IT_MO,IT_MO,VAL,incorrect,
AA0367,CL,IT_MO,IT_MO,CL,incorrect,
AA0368,MD,IT_VIS,IT_VIS,MD,incorrect,
AA0369,CL,MG,unknown,CL,correct,
AA0370,MD,MG,unknown,MD,correct,
AA0371,MD,IT_VIS,unknown,MD,correct,
AA0372,PCN,IT_MO,IT_MO,PCN,incorrect,
AA0373,CL,CP_GPe,unknown,CL,correct,
AA0374,PRE,MG,unknown,PRE,correct,
AA0375,SUB,RT,unknown,SUB,correct,
AA0376,DG,MG,unknown,DG,correct,
AA0377,PRE,MG,unknown,PRE,correct,
AA0378,DG,MG,unknown,DG,correct,
AA0379,PRE,MG,unknown,PRE,correct,
AA0380,SUB,RT,RT,SUB,incorrect,
AA0381,POST,MG,unknown,POST,correct,
AA0382,PRE,MG,unknown,PRE,correct,
AA0383,SUB,RT,RT,SUB,incorrect,
AA0384,DG,MG,unknown,DG,correct,
AA0385,DG,MG,unknown,DG,correct,
AA0386,PRE,MG,unknown,PRE,correct,
AA0387,PRE,MG,unknown,PRE,correct,
AA0388,VAL,RT,unknown,VAL,correct,
AA0389,ZI,ET_SS,ET_SS,ET_MO,incorrect,
AA0390,FRP,ET_SS,unknown,FRP,correct,
AA0391,VAL,IT_MO,IT_MO,VAL,incorrect,
AA0392,PRE,MG,unknown,PRE,correct,
AA0393,PL,MG,unknown,PL,correct,
AA0394,MOs,ET_SS,unknown,ET_MO,incorrect,
AA0395,MOs,IT_MO,IT_MO,IT_MO,correct,
AA0396,FRP,IT_VIS,unknown,FRP,correct,
AA0397,MOs,IT_SS,unknown,IT_MO,incorrect,
AA0398,MOs,ET_SS,unknown,ET_MO,incorrect,
AA0399,VPL,RT,RT,VPL,incorrect,
AA0400,MOs,CP_GPe,unknown,IT_MO,incorrect,
AA0401,MOs,IT_MO,IT_MO,IT_MO,correct,
AA0402,MOs,IT_MO,IT_MO,IT_MO,correct,
AA0403,ORBvl,CP_GPe,unknown,ORBvl,correct,
AA0404,MOs,IT_MO,IT_MO,IT_MO,correct,
AA0405,RT,RT,RT,RT,correct,
AA0406,ORBvl,ET_SS,unknown,ORBvl,correct,
AA0407,MOs,CP_GPe,unknown,IT_MO,incorrect,
AA0408,MOs,IT_MO,IT_MO,IT_MO,correct,
AA0409,MOs,IT_MO,IT_MO,IT_MO,correct,
AA0410,MOs,IT_MO,IT_MO,IT_MO,correct,
AA0411,MOs,CP_GPe,unknown,IT_MO,incorrect,
AA0412,MOs,IT_MO,IT_MO,IT_MO,correct,
AA0413,MOs,CP_GPe,unknown,IT_MO,incorrect,
AA0414,PRE,MG,unknown,PRE,correct,
AA0415,MOs,ET_MO,ET_MO,ET_MO,correct,
AA0416,MOs,IT_MO,IT_MO,IT_MO,correct,
AA0417,PL,CP_GPe,unknown,PL,correct,
AA0418,MOs,IT_MO,IT_MO,IT_MO,correct,
AA0419,MOs,IT_MO,IT_MO,IT_MO,correct,
AA0420,CA3,MG,unknown,CA3,correct,
AA0421,MOs,CP_GPe,unknown,IT_MO,incorrect,
AA0422,MOs,IT_MO,IT_MO,IT_MO,correct,
AA0423,SUB,RT,RT,SUB,incorrect,
AA0424,MOs,IT_MO,IT_MO,IT_MO,correct,
AA0425,PL,MG,unknown,PL,correct,
AA0426,MOs,IT_MO,IT_MO,IT_MO,correct,
AA0427,ORBvl,IT_SS,unknown,ORBvl,correct,
AA0428,LHA,RT,unknown,LHA,correct,
AA0429,FN,RT,unknown,FN,correct,
AA0430,MY,ET_SS,ET_SS,MY,incorrect,
AA0431,MY,RT,unknown,MY,correct,
AA0432,arb,RT,unknown,arb,correct,
AA0433,PAG,RT,unknown,PAG,correct,
AA0434,IRN,IT_MO,unknown,IRN,correct,
AA0435,BST,CP_SNr,unknown,BST,correct,
AA0436,LHA,CP_SNr,unknown,LHA,correct,
AA0437,LHA,CP_SNr,CP_SNr,LHA,incorrect,
AA0438,BST,CP_SNr,unknown,BST,correct,
AA0439,MOs,CP_GPe,unknown,IT_MO,incorrect,
AA0440,MOs,CP_GPe,unknown,IT_MO,incorrect,
AA0441,MOs,IT_MO,IT_MO,IT_MO,correct,
AA0442,MOs,CP_GPe,unknown,IT_MO,incorrect,
AA0443,ZI,RT,unknown,ZI,correct,
AA0444,SUB,RT,unknown,SUB,correct,
AA0445,MOs,CP_GPe,unknown,IT_MO,incorrect,
AA0446,MOs,CP_GPe,unknown,IT_MO,incorrect,
AA0447,alv,ET_SS,ET_SS,alv,incorrect,
AA0448,VM,IT_MO,IT_MO,VM,incorrect,
AA0449,HY,RT,unknown,HY,correct,
AA0450,MOs,CP_GPe,unknown,IT_MO,incorrect,
AA0451,VAL,IT_MO,IT_MO,VAL,incorrect,
AA0452,MOs,CP_GPe,unknown,IT_MO,incorrect,
AA0453,LD,ET_SS,ET_SS,ET_MO,incorrect,
AA0454,PRE,MG,unknown,PRE,correct,
AA0455,fa,CP_SNr,unknown,fa,correct,
AA0456,PL,ET_SS,ET_SS,ET_MO,incorrect,
AA0457,PL,ET_SS,ET_SS,ET_MO,incorrect,
AA0458,PRE,MG,unknown,PRE,correct,
AA0459,SUB,RT,RT,SUB,incorrect,
AA0460,MOs,IT_MO,IT_MO,IT_MO,correct,
AA0461,FRP,IT_MO,IT_MO,IT_MO,correct,
AA0462,MOs,IT_MO,IT_MO,IT_MO,correct,
AA0463,MOs,ET_MO,ET_MO,IT_MO,incorrect,
AA0464,MOs,IT_MO,IT_MO,IT_MO,correct,
AA0465,MOs,CP_GPe,unknown,IT_MO,incorrect,
AA0466,MOs,CP_GPe,unknown,IT_MO,incorrect,
AA0467,MOs,CP_GPe,unknown,IT_MO,incorrect,
AA0468,PRE,ET_SS,ET_SS,PRE,incorrect,
AA0469,MOs,CP_GPe,unknown,IT_MO,incorrect,
AA0470,MOs,IT_MO,IT_MO,IT_MO,correct,
AA0471,MOs,ET_MO,ET_MO,ET_MO,correct,
AA0472,MOs,IT_MO,IT_MO,IT_MO,correct,
AA0473,MOs,IT_MO,IT_MO,IT_MO,correct,
AA0474,MOs,CP_GPe,unknown,IT_MO,incorrect,
AA0475,MOs,ET_MO,ET_MO,IT_MO,incorrect,
AA0476,SUB,RT,RT,SUB,incorrect,
AA0477,SUB,RT,RT,SUB,incorrect,
AA0478,PRE,ET_SS,ET_SS,PRE,incorrect,
AA0479,SUB,VPM,unknown,SUB,correct,
AA0480,PRE,MG,unknown,PRE,correct,
AA0481,MOs,IT_MO,IT_MO,IT_MO,correct,
AA0482,PRE,MG,unknown,PRE,correct,
AA0483,PRE,MG,unknown,PRE,correct,
AA0484,DG,MG,unknown,DG,correct,
AA0485,VAL,VPM,unknown,VAL,correct,
AA0486,ZI,ET_SS,ET_SS,ZI,incorrect,
AA0487,DG,MG,unknown,DG,correct,
AA0488,ZI,ET_SS,unknown,ZI,correct,
AA0489,SUB,MG,unknown,SUB,correct,
AA0490,SUB,ET_SS,ET_SS,SUB,incorrect,
AA0491,SUB,ET_SS,ET_SS,SUB,incorrect,
AA0492,VISp,IT_VIS,unknown,IT_VIS,incorrect,
AA0493,SUB,MG,unknown,SUB,correct,
AA0494,POST,RT,unknown,POST,correct,
AA0495,SUB,RT,unknown,SUB,correct,
AA0496,SUB,RT,unknown,SUB,correct,
AA0497,unknown,VPM,unknown,unknown,correct,
AA0498,SUB,MG,unknown,SUB,correct,
AA0499,SUB,VPM,unknown,SUB,correct,
AA0500,SUB,MG,unknown,SUB,correct,
AA0501,IC,RT,RT,IC,incorrect,
AA0502,VPL,RT,unknown,VPL,incorrect,
AA0503,PARN,IT_MO,unknown,PARN,correct,
AA0504,MY,IT_MO,unknown,MY,correct,
AA0505,mlf,CP_SNr,unknown,mlf,correct,
AA0506,MB,VPM,unknown,MB,correct,
AA0507,DR,ET_SS,ET_SS,DR,incorrect,
AA0508,PGRNl,IT_MO,unknown,PGRNl,correct,
AA0509,ll,RT,unknown,ll,correct,
AA0510,PRNr,ET_MO,ET_MO,PRNr,incorrect,
AA0511,MB,VPM,unknown,MB,correct,
AA0512,PRNc,ET_MO,ET_MO,PRNc,incorrect,
AA0513,P,ET_SS,ET_SS,P,incorrect,
AA0514,MRN,RT,RT,MRN,incorrect,
AA0515,MY,MG,unknown,MY,correct,
AA0516,SPIV,RT,unknown,SPIV,correct,
AA0517,MDRN,IT_MO,unknown,MDRN,correct,
AA0518,AV,LGd,unknown,AV,correct,
AA0519,VAL,IT_SS,IT_SS,VAL,incorrect,
AA0520,LD,ET_SS,ET_SS,ET_MO,incorrect,
AA0521,unknown,RT,unknown,unknown,correct,
AA0522,dhc,ET_SS,ET_SS,dhc,incorrect,
AA0523,SUB,ET_SS,ET_SS,SUB,incorrect,
AA0524,PRE,MG,unknown,PRE,correct,
AA0525,PRE,MG,unknown,PRE,correct,
AA0526,PRE,MG,unknown,PRE,correct,
AA0527,SUB,VPM,unknown,SUB,correct,
AA0528,PRE,MG,unknown,PRE,correct,
AA0529,PRE,MG,unknown,PRE,correct,
AA0530,AV,MG,unknown,AV,correct,
AA0531,PRE,MG,unknown,PRE,correct,
AA0532,SUB,RT,RT,SUB,incorrect,
AA0533,DG,ET_SS,ET_SS,DG,incorrect,
AA0534,MOs,IT_MO,IT_MO,IT_MO,correct,
AA0535,SUB,ET_SS,ET_SS,SUB,incorrect,
AA0536,PAR,MG,unknown,PAR,correct,
AA0537,AHN,RT,unknown,AHN,correct,
AA0538,PRE,RT,RT,PRE,incorrect,
AA0539,LD,MG,unknown,LD,correct,
AA0540,LD,ET_SS,ET_SS,ET_MO,incorrect,
AA0541,MOs,IT_MO,IT_MO,IT_MO,correct,
AA0542,TU,RT,unknown,TU,correct,
AA0543,MOs,IT_MO,IT_MO,IT_MO,correct,
AA0544,MOs,ET_SS,ET_SS,ET_MO,incorrect,
AA0545,MOs,ET_SS,ET_SS,ET_MO,incorrect,
AA0546,dhc,RT,RT,dhc,incorrect,
AA0547,PRE,MG,unknown,PRE,correct,
AA0548,MOs,ET_SS,unknown,ET_MO,incorrect,
AA0549,MOs,IT_MO,IT_MO,IT_MO,correct,
AA0550,MOs,ET_SS,ET_SS,ET_MO,incorrect,
AA0551,SUB,ET_SS,ET_SS,SUB,incorrect,
AA0552,PRE,VPM,unknown,PRE,correct,
AA0553,MOs,ET_SS,ET_SS,ET_MO,incorrect,
AA0554,MOs,ET_MO,ET_MO,ET_MO,correct,
AA0555,PeF,RT,unknown,PeF,correct,
AA0556,MOs,IT_MO,IT_MO,IT_MO,correct,
AA0557,PeF,RT,unknown,PeF,correct,
AA0558,LHA,RT,RT,LHA,incorrect,
AA0559,dhc,CP_SNr,unknown,dhc,correct,
AA0560,SUB,RT,unknown,SUB,correct,
AA0561,DG,ET_SS,ET_SS,DG,incorrect,
AA0562,SUB,RT,unknown,SUB,correct,
AA0563,dhc,RT,RT,dhc,incorrect,
AA0564,SUB,RT,unknown,SUB,correct,
AA0565,dhc,ET_SS,ET_SS,dhc,incorrect,
AA0566,dhc,RT,RT,dhc,incorrect,
AA0567,dhc,MG,unknown,dhc,correct,
AA0568,DG,ET_SS,ET_SS,DG,incorrect,
AA0569,dhc,RT,RT,dhc,incorrect,
AA0570,POST,MG,unknown,POST,correct,
AA0571,DG,MG,unknown,DG,correct,
AA0572,DG,ET_SS,ET_SS,DG,incorrect,
AA0573,DG,MG,unknown,DG,correct,
AA0574,dhc,CP_GPe,unknown,dhc,correct,
AA0575,MOs,CP_GPe,unknown,IT_MO,incorrect,
AA0576,MOs,ET_SS,ET_SS,ET_MO,incorrect,
AA0577,MOs,ET_SS,ET_SS,ET_MO,incorrect,
AA0578,MOs,IT_SS,IT_SS,IT_SS,correct,
AA0579,VAL,RT,unknown,VAL,correct,
AA0580,PO,IT_SS,IT_SS,PO,incorrect,
AA0581,PO,IT_SS,IT_SS,PO,incorrect,
AA0582,MOs,CP_GPe,unknown,IT_MO,incorrect,
AA0583,MOs,ET_MO,ET_MO,ET_MO,correct,
AA0584,MOp,ET_MO,ET_MO,ET_MO,correct,
AA0585,MOp,CP_GPe,unknown,IT_MO,incorrect,
AA0586,VAL,IT_MO,IT_MO,VAL,incorrect,
AA0587,MOp,RT,unknown,IT_MO,incorrect,
AA0588,MOp,IT_SS,IT_SS,IT_SS,correct,
AA0589,MOp,CP_GPe,unknown,IT_MO,incorrect,
AA0590,FRP,IT_VIS,unknown,FRP,correct,
AA0591,VAL,IT_MO,IT_MO,VAL,incorrect,
AA0592,MOp,CP_GPe,unknown,IT_MO,incorrect,
AA0593,PCN,IT_SS,IT_SS,PCN,incorrect,
AA0594,MOs,IT_MO,IT_MO,IT_MO,correct,
AA0595,VAL,IT_SS,unknown,VAL,correct,
AA0596,MOp,RT,unknown,ET_MO,incorrect,
AA0597,MOp,IT_MO,IT_MO,IT_MO,correct,
AA0598,SMT,IT_SS,IT_SS,SMT,incorrect,
AA0599,MOs,ET_SS,unknown,ET_MO,incorrect,
AA0600,MOs,IT_MO,IT_MO,IT_MO,correct,
AA0601,CL,CP_GPe,unknown,CL,correct,
AA0602,MOs,IT_MO,IT_MO,IT_MO,correct,
AA0603,PL,CP_GPe,CP_GPe,PL,incorrect,
AA0604,PO,LGd,unknown,PO,correct,
AA0605,MOp,ET_SS,ET_SS,ET_MO,incorrect,
AA0606,LHA,ET_SS,ET_SS,ET_MO,incorrect,
AA0607,PeF,ET_SS,ET_SS,ET_MO,incorrect,
AA0608,LHA,IT_MO,unknown,LHA,correct,
AA0609,LHA,RT,unknown,LHA,correct,
AA0610,ZI,RT,unknown,ZI,correct,
AA0611,ProS,RT,unknown,ProS,correct,
AA0612,VAL,VPL,unknown,VAL,correct,
AA0613,ProS,RT,RT,ProS,incorrect,
AA0614,HY,RT,unknown,HY,correct,
AA0615,ZI,RT,unknown,ZI,correct,
AA0616,LHA,RT,RT,LHA,incorrect,
AA0617,MOp,ET_MO,ET_MO,ET_MO,correct,
AA0618,MOp,IT_MO,IT_MO,IT_MO,correct,
AA0619,VISp,IT_VIS,unknown,VISp,correct,
AA0620,ProS,RT,unknown,ProS,correct,
AA0621,CA1,ET_SS,ET_SS,ET_MO,incorrect,
AA0622,MOp,CP_GPe,unknown,IT_MO,incorrect,
AA0623,MOp,ET_SS,ET_SS,ET_MO,incorrect,
AA0624,MOs,IT_MO,IT_MO,IT_MO,correct,
AA0625,MOs,ET_SS,ET_SS,ET_MO,incorrect,
AA0626,MOp,ET_SS,ET_SS,ET_MO,incorrect,
AA0627,MOs,CP_GPe,unknown,IT_MO,incorrect,
AA0628,MOp,ET_SS,unknown,ET_MO,incorrect,
AA0629,VPMpc,IT_SS,IT_SS,VPM,incorrect,
AA0630,MOp,ET_SS,ET_SS,ET_MO,incorrect,
AA0631,CA1,RT,RT,CA1,incorrect,
AA0632,MOs,IT_MO,IT_MO,IT_MO,correct,
AA0633,MOs,ET_SS,ET_SS,ET_MO,incorrect,
AA0634,MOp,ET_SS,unknown,ET_MO,incorrect,
AA0635,MOp,ET_SS,unknown,ET_MO,incorrect,
AA0636,PL,MG,unknown,PL,correct,
AA0637,MOp,ET_SS,ET_SS,ET_MO,incorrect,
AA0638,VISp,IT_VIS,IT_VIS,IT_VIS,correct,
AA0639,MOs,IT_MO,IT_MO,IT_MO,correct,
AA0640,MOp,ET_SS,ET_SS,ET_MO,incorrect,
AA0641,MOs,ET_SS,ET_SS,ET_MO,incorrect,
AA0642,MOp,ET_SS,ET_SS,ET_MO,incorrect,
AA0643,CA1,ET_SS,unknown,CA1,correct,
AA0644,MOs,IT_MO,IT_MO,ET_MO,incorrect,
AA0645,FRP,CP_GPe,unknown,FRP,correct,
AA0646,MOs,IT_MO,IT_MO,IT_MO,correct,
AA0647,MOs,ET_SS,ET_SS,ET_MO,incorrect,
AA0648,MOp,ET_SS,unknown,ET_MO,incorrect,
AA0649,MOp,ET_SS,ET_SS,ET_MO,incorrect,
AA0650,MOs,ET_SS,unknown,ET_MO,incorrect,
AA0651,VAL,CP_GPe,unknown,VAL,correct,
AA0652,MOp,ET_SS,ET_SS,ET_MO,incorrect,
AA0653,MOs,IT_MO,IT_MO,IT_MO,correct,
AA0654,MOp,ET_MO,ET_MO,ET_MO,correct,
AA0655,MOs,IT_MO,IT_MO,IT_MO,correct,
AA0656,MOs,IT_MO,IT_MO,IT_MO,correct,
AA0657,fp,ET_SS,unknown,fp,correct,
AA0658,MOp,IT_MO,IT_MO,IT_MO,correct,
AA0659,MOs,IT_MO,IT_MO,IT_MO,correct,
AA0660,MOs,IT_MO,IT_MO,IT_MO,correct,
AA0661,CA1,RT,unknown,CA1,correct,
AA0662,MOp,IT_MO,IT_MO,IT_MO,correct,
AA0663,MOs,CP_GPe,unknown,IT_MO,incorrect,
AA0664,MOs,ET_MO,unknown,IT_MO,incorrect,
AA0665,MOp,IT_MO,IT_MO,IT_MO,correct,
AA0666,MOs,IT_MO,IT_MO,IT_MO,correct,
AA0667,MOp,ET_SS,ET_SS,ET_MO,incorrect,
AA0668,MOs,ET_MO,ET_MO,ET_MO,correct,
AA0669,MOs,IT_MO,IT_MO,IT_MO,correct,
AA0670,MOs,CP_GPe,unknown,IT_MO,incorrect,
AA0671,MOs,IT_MO,IT_MO,ET_MO,incorrect,
AA0672,MOs,CP_GPe,unknown,IT_MO,incorrect,
AA0673,MOp,IT_MO,IT_MO,IT_MO,correct,
AA0674,MOs,ET_MO,ET_MO,IT_MO,incorrect,
AA0675,VAL,IT_MO,IT_MO,VAL,incorrect,
AA0676,or,IT_VIS,IT_VIS,IT_VIS,correct,
AA0677,or,IT_VIS,unknown,or,correct,
AA0678,VISli,IT_VIS,unknown,VISli,correct,
AA0679,VISl,IT_VIS,IT_VIS,IT_VIS,correct,
AA0680,VISl,IT_VIS,IT_VIS,IT_VIS,correct,
AA0681,DG,MG,unknown,DG,correct,
AA0682,PRE,MG,unknown,PRE,correct,
AA0683,ProS,RT,RT,ProS,incorrect,
AA0684,SUB,RT,RT,SUB,incorrect,
AA0685,ProS,RT,unknown,ProS,correct,
AA0686,PRE,MG,unknown,PRE,correct,
AA0687,SUB,RT,RT,SUB,incorrect,
AA0688,SUB,RT,RT,SUB,incorrect,
AA0689,PRE,MG,unknown,PRE,correct,
AA0690,PRE,MG,unknown,PRE,correct,
AA0691,or,LGd,LGd,or,incorrect,
AA0692,VAL,VPL,unknown,VAL,correct,
AA0693,VAL,VPL,unknown,VAL,correct,
AA0694,PO,VPM,unknown,PO,correct,
AA0695,PRE,MG,unknown,PRE,correct,
AA0696,DG,MG,unknown,DG,correct,
AA0697,ProS,ET_SS,ET_SS,ProS,incorrect,
AA0698,VISl,IT_VIS,unknown,VISl,correct,
AA0699,VISl,IT_VIS,IT_VIS,IT_VIS,correct,
AA0700,PRE,MG,unknown,PRE,correct,
AA0701,SUB,MG,unknown,SUB,correct,
AA0702,ProS,RT,RT,ProS,incorrect,
AA0703,SUB,RT,unknown,SUB,correct,
AA0704,SUB,RT,RT,SUB,incorrect,
AA0705,DG,MG,unknown,DG,correct,
AA0706,SUB,MG,unknown,SUB,correct,
AA0707,PRE,MG,unknown,PRE,correct,
AA0708,PRE,MG,unknown,PRE,correct,
AA0709,PRE,RT,RT,PRE,incorrect,
AA0710,PRE,MG,unknown,PRE,correct,
AA0711,VISl,IT_VIS,unknown,VISl,correct,
AA0712,VISl,IT_VIS,IT_VIS,VISl,incorrect,
AA0713,PRE,MG,unknown,PRE,correct,
AA0714,PRE,MG,unknown,PRE,correct,
AA0715,PRE,MG,unknown,PRE,correct,
AA0716,PRE,MG,unknown,PRE,correct,
AA0717,POST,MG,unknown,POST,correct,
AA0718,VAL,RT,unknown,VAL,correct,
AA0719,VM,VPL,VPL,VM,incorrect,
AA0720,PRE,MG,unknown,PRE,correct,
AA0721,SUB,RT,RT,SUB,incorrect,
AA0722,PRE,MG,unknown,PRE,correct,
AA0723,PRE,MG,unknown,PRE,correct,
AA0724,PRE,MG,unknown,PRE,correct,
AA0725,PRE,MG,unknown,PRE,correct,
AA0726,MOs,ET_MO,ET_MO,ET_MO,correct,
AA0727,ACAd,ET_SS,ET_SS,ET_MO,incorrect,
AA0728,ProS,RT,unknown,ProS,correct,
AA0729,fx,RT,unknown,fx,correct,
AA0730,LHA,RT,unknown,LHA,correct,
AA0731,ProS,VPM,unknown,ProS,correct,
AA0732,MOs,ET_MO,unknown,ET_MO,incorrect,
AA0733,MOs,ET_SS,ET_SS,ET_MO,incorrect,
AA0734,MOs,CP_GPe,unknown,IT_MO,incorrect,
AA0735,MOs,IT_MO,IT_MO,IT_MO,correct,
AA0736,CA1,RT,RT,CA1,incorrect,
AA0737,ACAd,ET_SS,unknown,ACAd,correct,
AA0738,MOs,IT_MO,IT_MO,IT_MO,correct,
AA0739,MOs,IT_MO,IT_MO,IT_MO,correct,
AA0740,ACAd,ET_SS,ET_SS,ET_MO,incorrect,
AA0741,ORBl,IT_MO,IT_MO,IT_MO,correct,
AA0742,MOs,CP_GPe,unknown,IT_MO,incorrect,
AA0743,MOs,IT_MO,IT_MO,IT_MO,correct,
AA0744,MOs,IT_SS,IT_SS,IT_MO,incorrect,
AA0745,MOs,IT_MO,IT_MO,IT_MO,correct,
AA0746,MOs,IT_MO,IT_MO,IT_MO,correct,
AA0747,MOs,ET_MO,ET_MO,ET_MO,correct,
AA0748,MOs,IT_MO,IT_MO,IT_MO,correct,
AA0749,MOs,CP_GPe,unknown,IT_MO,incorrect,
AA0750,VPM,IT_MO,IT_MO,VPM,incorrect,
AA0751,MRN,RT,unknown,MRN,correct,
AA0752,PIL,RT,unknown,PIL,correct,
AA0753,TH,MG,MG,TH,incorrect,
AA0754,VPM,IT_SS,IT_SS,VPM,incorrect,
AA0755,VPM,VPM,VPM,VPM,correct,
AA0756,POL,MG,unknown,POL,correct,
AA0757,POL,MG,unknown,POL,correct,
AA0758,PIL,CP_GPe,unknown,PIL,correct,
AA0759,int,IT_MO,IT_MO,int,incorrect,
AA0760,LHA,RT,unknown,LHA,correct,
AA0761,LHA,ET_MO,ET_MO,LHA,incorrect,
AA0762,PIL,ET_SS,ET_SS,PIL,incorrect,
AA0763,PoT,VPM,unknown,PoT,correct,
AA0764,ACAd,ET_SS,ET_SS,ET_MO,incorrect,
AA0765,ACAd,CP_SNr,unknown,ACAd,correct,
AA0766,ACAd,ET_SS,unknown,ACAd,correct,
AA0767,MOs,CP_GPe,unknown,IT_MO,incorrect,
AA0768,ZI,RT,unknown,ZI,correct,
AA0769,MOs,ET_SS,unknown,ET_MO,incorrect,
AA0770,MOs,ET_SS,unknown,ET_MO,incorrect,
AA0771,ACAd,MG,unknown,ACAd,correct,
AA0772,MOs,ET_SS,ET_SS,ET_MO,incorrect,
AA0773,MOs,IT_SS,IT_SS,IT_MO,incorrect,
AA0774,MOs,IT_MO,IT_MO,IT_MO,correct,
AA0775,ACAd,IT_MO,IT_MO,ACAd,incorrect,
AA0776,cing,CP_GPe,unknown,cing,correct,
AA0777,ACAd,IT_VIS,IT_VIS,ACAd,incorrect,
AA0778,ACAv,IT_VIS,IT_VIS,ACAv,incorrect,
AA0779,LHA,RT,unknown,LHA,correct,
AA0780,MOs,ET_SS,ET_SS,ET_MO,incorrect,
AA0781,MOs,ET_SS,unknown,ET_MO,incorrect,
AA0782,MOs,ET_MO,ET_MO,ET_MO,correct,
AA0783,MOs,ET_SS,ET_SS,ET_MO,incorrect,
AA0784,MOs,ET_SS,ET_SS,ET_MO,incorrect,
AA0785,MOp,ET_SS,unknown,ET_MO,incorrect,
AA0786,MOs,IT_MO,IT_MO,IT_MO,correct,
AA0787,MOs,ET_SS,unknown,ET_MO,incorrect,
AA0788,MOs,ET_SS,ET_SS,ET_MO,incorrect,
AA0789,MOs,IT_MO,IT_MO,IT_MO,correct,
AA0790,MOs,IT_MO,IT_MO,IT_MO,correct,
AA0791,MOs,RT,unknown,ET_MO,incorrect,
AA0792,MOs,ET_SS,ET_SS,ET_MO,incorrect,
AA0793,MOs,IT_MO,IT_MO,IT_MO,correct,
AA0794,MOs,ET_MO,unknown,ET_MO,incorrect,
AA0795,MOs,IT_MO,IT_MO,IT_MO,correct,
AA0796,ACAv,ET_SS,ET_SS,ET_MO,incorrect,
AA0797,MOs,IT_MO,IT_MO,IT_MO,correct,
AA0798,MOs,CP_GPe,unknown,IT_MO,incorrect,
AA0799,ACAd,ET_SS,unknown,ACAd,correct,
AA0800,ACAv,IT_SS,IT_SS,ACAv,incorrect,
AA0801,ACAd,IT_VIS,unknown,ACAd,correct,
AA0802,MOs,IT_MO,IT_MO,IT_MO,correct,
AA0803,MOs,IT_MO,IT_MO,ET_MO,incorrect,
AA0804,SUB,VPM,unknown,SUB,correct,
AA0805,PRE,MG,unknown,PRE,correct,
AA0806,fp,LGd,unknown,fp,correct,
AA0807,ACAd,MG,unknown,ACAd,correct,
AA0808,ZI,RT,unknown,ZI,correct,
AA0809,VM,IT_MO,IT_MO,VM,incorrect,
AA0810,SUB,RT,unknown,SUB,correct,
AA0811,SUB,RT,RT,SUB,incorrect,
AA0812,POST,MG,unknown,POST,correct,
AA0813,PRE,MG,unknown,PRE,correct,
AA0814,dhc,LGd,LGd,dhc,incorrect,
AA0815,CA1,ET_SS,unknown,CA1,correct,
AA0816,CA1,VPM,unknown,CA1,correct,
AA0817,MOs,ET_SS,unknown,ET_MO,incorrect,
AA0818,CA1,RT,unknown,CA1,correct,
AA0819,CA1,RT,unknown,CA1,correct,
AA0820,CA1,RT,unknown,CA1,correct,
AA0821,SUB,ET_SS,ET_SS,SUB,incorrect,
AA0822,SUB,MG,unknown,SUB,correct,
AA0823,SUB,ET_SS,ET_SS,SUB,incorrect,
AA0824,SUB,RT,RT,SUB,incorrect,
AA0825,SUB,RT,unknown,SUB,correct,
AA0826,SUB,VPM,unknown,SUB,correct,
AA0827,SUB,ET_SS,ET_SS,SUB,incorrect,
AA0828,SUB,RT,unknown,SUB,correct,
AA0829,CA1,ET_SS,ET_SS,CA1,incorrect,
AA0830,SUB,RT,RT,SUB,incorrect,
AA0831,SUB,CP_SNr,unknown,SUB,correct,
AA0832,MOs,ET_SS,unknown,ET_MO,incorrect,
AA0833,MOs,ET_SS,unknown,ET_MO,incorrect,
AA0834,SUB,RT,unknown,SUB,correct,
AA0835,MOs,ET_SS,unknown,ET_MO,incorrect,
AA0836,MOs,ET_SS,ET_SS,ET_MO,incorrect,
AA0837,MOs,ET_SS,unknown,ET_MO,incorrect,
AA0838,MOs,ET_SS,unknown,ET_MO,incorrect,
AA0839,MOs,ET_MO,unknown,ET_MO,incorrect,
AA0840,MOs,CP_GPe,unknown,IT_MO,incorrect,
AA0841,MOs,IT_MO,IT_MO,IT_MO,correct,
AA0842,MOs,CP_GPe,unknown,IT_MO,incorrect,
AA0843,SUB,RT,unknown,SUB,correct,
AA0844,ACAd,ET_SS,unknown,ACAd,correct,
AA0845,ACAv,ET_SS,ET_SS,ET_MO,incorrect,
AA0846,MOs,ET_SS,unknown,ET_MO,incorrect,
AA0847,SUB,RT,unknown,SUB,correct,
AA0848,SUB,RT,RT,SUB,incorrect,
AA0849,SUB,RT,unknown,SUB,correct,
AA0850,SUB,RT,unknown,SUB,correct,
AA0851,CA1,VPM,unknown,CA1,correct,
AA0852,ACAv,ET_SS,ET_SS,ET_MO,incorrect,
AA0853,MOs,IT_MO,IT_MO,IT_MO,correct,
AA0854,MOs,ET_SS,unknown,ET_MO,incorrect,
AA0855,SUB,RT,unknown,SUB,correct,
AA0856,ACAd,ET_SS,unknown,ACAd,correct,
AA0857,VISp,ET_SS,ET_SS,VISp,incorrect,
AA0858,MOs,IT_SS,IT_SS,IT_MO,incorrect,
AA0859,MOs,IT_MO,IT_MO,IT_MO,correct,
AA0860,POST,MG,unknown,POST,correct,
AA0861,POST,MG,unknown,POST,correct,
AA0862,ccb,IT_MO,IT_MO,IT_MO,correct,
AA0863,MOs,ET_SS,ET_SS,ET_MO,incorrect,
AA0864,CA1,RT,RT,CA1,incorrect,
AA0865,MOs,IT_MO,IT_MO,IT_MO,correct,
AA0866,MOs,IT_MO,IT_MO,IT_MO,correct,
AA0867,ACAd,IT_VIS,unknown,ACAd,correct,
AA0868,MOs,IT_MO,IT_MO,IT_MO,correct,
AA0869,DG,ET_SS,ET_SS,DG,incorrect,
AA0870,PL,MG,unknown,PL,correct,
AA0871,SUB,MG,unknown,SUB,correct,
AA0872,ACAv,IT_SS,IT_SS,ACAv,incorrect,
AA0873,MOs,IT_MO,IT_MO,IT_MO,correct,
AA0874,ACAd,VPL,unknown,ACAd,correct,
AA0875,PRE,RT,unknown,PRE,correct,
AA0876,MOs,IT_MO,IT_MO,IT_MO,correct,
AA0877,POST,IT_VIS,IT_VIS,POST,incorrect,
AA0878,POST,MG,unknown,POST,correct,
AA0879,POST,MG,unknown,POST,correct,
AA0880,MOs,ET_MO,ET_MO,ET_MO,correct,
AA0881,POST,RT,RT,POST,incorrect,
AA0882,MOs,ET_SS,ET_SS,ET_MO,incorrect,
AA0883,ACAd,CP_GPe,unknown,ACAd,correct,
AA0884,MOs,IT_MO,IT_MO,IT_MO,correct,
AA0885,SUB,RT,RT,SUB,incorrect,
AA0886,SUB,MG,unknown,SUB,correct,
AA0887,MOs,IT_MO,IT_MO,IT_MO,correct,
AA0888,MOs,IT_MO,IT_MO,IT_MO,correct,
AA0889,MOs,IT_MO,IT_MO,IT_MO,correct,
AA0890,ProS,MG,unknown,ProS,correct,
AA0891,SUB,MG,unknown,SUB,correct,
AA0892,MOs,ET_SS,unknown,ET_MO,incorrect,
AA0893,ACAd,ET_SS,ET_SS,ET_MO,incorrect,
AA0894,SUB,RT,RT,SUB,incorrect,
AA0895,or,LGd,LGd,or,incorrect,
AA0896,or,LGd,unknown,or,correct,
AA0897,MOs,IT_MO,IT_MO,IT_MO,correct,
AA0898,MOp,ET_MO,ET_MO,ET_MO,correct,
AA0899,MOs,ET_SS,unknown,ET_MO,incorrect,
AA0900,MOs,CP_GPe,unknown,IT_MO,incorrect,
AA0901,MOs,IT_MO,IT_MO,IT_MO,correct,
AA0902,cing,CP_GPe,unknown,cing,correct,
AA0903,ACAd,MG,unknown,ACAd,correct,
AA0904,ZI,VPL,unknown,ZI,correct,
AA0905,MOs,CP_GPe,unknown,IT_MO,incorrect,
AA0906,MOs,IT_MO,IT_MO,IT_MO,correct,
AA0907,MOs,IT_MO,IT_MO,IT_MO,correct,
AA0908,MOs,ET_MO,ET_MO,IT_MO,incorrect,
AA0909,CA1,LGd,unknown,CA1,correct,
AA0910,CA1,VPM,unknown,CA1,correct,
AA0911,FRP,IT_MO,IT_MO,IT_MO,correct,
AA0912,POST,RT,unknown,POST,correct,
AA0913,MOs,IT_MO,IT_MO,IT_MO,correct,
AA0914,MOs,IT_MO,IT_MO,IT_MO,correct,
AA0915,MOs,ET_MO,ET_MO,IT_MO,incorrect,
AA0916,MOs,IT_MO,IT_MO,VPL,incorrect,
AA0917,LHA,CP_SNr,unknown,LHA,correct,
AA0918,AV,ET_SS,ET_SS,ET_MO,incorrect,
AA0919,AUDd,MG,unknown,AUDd,correct,
AA0920,VPM,VPM,VPM,VPM,correct,
AA0921,VAL,IT_SS,IT_SS,VAL,incorrect,
AA0922,IRN,ET_SS,ET_SS,IRN,incorrect,
AA0923,MOp,ET_MO,ET_MO,ET_MO,correct,
AA0924,PIR,CP_GPe,unknown,PIR,correct,
AA0925,VAL,IT_SS,IT_SS,VAL,incorrect,
AA0926,MOp,ET_SS,ET_SS,ET_MO,incorrect,
AA0927,MOp,ET_SS,ET_SS,ET_MO,incorrect,
AA0928,BMA,VPM,unknown,BMA,correct,
AA0929,ORBvl,IT_VIS,unknown,ORBvl,correct,
AA0930,Mmd,VPM,unknown,Mmd,correct,
AA0931,MB,CP_SNr,unknown,MB,correct,
AA0932,MB,RT,unknown,MB,correct,
AA0933,Mmd,VPM,unknown,Mmd,correct,
AA0934,Mmd,VPM,unknown,Mmd,correct,
AA0935,Mmme,ET_SS,ET_SS,ET_MO,incorrect,
AA0936,Mmme,VPM,unknown,Mmme,correct,
AA0937,Mmd,VPM,unknown,Mmd,correct,
AA0938,PSTN,ET_SS,ET_SS,ET_MO,incorrect,
AA0939,Mml,RT,RT,Mml,incorrect,
AA0940,Mmd,RT,RT,Mmd,incorrect,
AA0941,AUDp,ET_SS,ET_SS,AUDp,incorrect,
AA0942,SGN,RT,unknown,SGN,correct,
AA0943,mfb,ET_SS,ET_SS,ET_MO,incorrect,
AA0944,SSp-m,ET_SS,ET_SS,ET_SS,correct,
AA0945,SSp-bfd,RT,unknown,SSp-bfd,correct,
AA0946,V,ET_MO,ET_MO,V,incorrect,
AA0947,IRN,IT_MO,unknown,IRN,correct,
AA0948,MY,ET_MO,unknown,MY,correct,
AA0949,VISp,IT_VIS,unknown,VISp,correct,
AA0950,SPVI,VPM,unknown,SPVI,correct,
AA0951,MDRN,VPM,unknown,MDRN,correct,
AA0952,unknown,ET_SS,ET_SS,unknown,incorrect,
AA0953,LRN,RT,unknown,LRN,correct,
AA0954,IG,ET_SS,ET_SS,IG,incorrect,
AA0955,IG,ET_SS,ET_SS,IG,incorrect,
AA0956,MOp,ET_MO,ET_MO,ET_MO,correct,
AA0957,COAp,VPM,unknown,COAp,correct,
AA0958,LSr,CP_GPe,unknown,LSr,correct,
AA0959,CA1,RT,RT,CA1,incorrect,
AA0960,CA3,ET_SS,unknown,CA3,correct,
AA0961,CENT,RT,unknown,CENT,correct,
AA0962,FL,VPM,unknown,FL,correct,
AA0963,FL,ET_SS,ET_SS,FL,incorrect,
AA0964,unknown,RT,unknown,unknown,correct,
AA0965,COPY,CP_GPe,unknown,COPY,correct,
AA0966,PYR,ET_SS,ET_SS,PYR,incorrect,
AA0967,COPY,CP_GPe,unknown,COPY,correct,
AA0968,unknown,VPM,unknown,unknown,correct,
AA0969,CUL4 5,CP_GPe,unknown,CUL4 5,correct,
AA0970,SIM,VPM,unknown,SIM,correct,
AA0971,CENT,VPM,unknown,CENT,correct,
AA0972,CENT,ET_SS,ET_SS,CENT,incorrect,
AA0973,AN,ET_SS,ET_SS,AN,incorrect,
AA0974,AN,RT,unknown,AN,correct,
AA0975,PYR,VPM,unknown,PYR,correct,
AA0976,COPY,VPM,unknown,COPY,correct,
AA0977,unknown,ET_SS,ET_SS,unknown,incorrect,
AA0978,PFL,ET_SS,ET_SS,PFL,incorrect,
AA0979,PFL,RT,unknown,PFL,correct,
AA0980,AN,RT,unknown,AN,correct,
AA0981,COPY,ET_SS,ET_SS,COPY,incorrect,
AA0982,FOTU,RT,unknown,FOTU,correct,
AA0983,CENT,VPM,unknown,CENT,correct,
AA0984,AN,RT,unknown,AN,correct,
AA0985,NOD,RT,unknown,NOD,correct,
AA0986,CUL4 5,RT,unknown,CUL4 5,correct,
AA0987,MB,RT,unknown,MB,correct,
AA0988,CENT,CP_GPe,unknown,CENT,correct,
AA0989,SUV,RT,unknown,SUV,correct,
AA0990,PRM,RT,unknown,PRM,correct,
AA0991,PRM,RT,unknown,PRM,correct,
AA0992,tspc,ET_SS,ET_SS,tspc,incorrect,
AA0993,AN,RT,unknown,AN,correct,
AA0994,SSp-m,ET_SS,ET_SS,ET_SS,correct,
AA0995,BMA,CP_SNr,unknown,BMA,correct,
AA0996,MDRN,ET_MO,ET_MO,MDRN,incorrect,
AA0997,CA3,RT,RT,CA3,incorrect,
AA0998,DG,MG,unknown,DG,correct,
AA0999,CA3,RT,unknown,CA3,correct,
AA1000,SSs,ET_SS,unknown,ET_SS,incorrect,
AA1001,MOB,VPM,unknown,MOB,correct,
AA1002,ENTl,MG,unknown,ENTl,correct,
